t,x
0,1.0641992242066491
1,1.0117243884213345
2,0.9614848824303278
3,0.9144423907331267
4,0.8707326599900292
5,0.8298068242859782
6,0.790646873993348
7,0.7521066216359807
8,0.7133297759383161
9,0.6740943885668558
10,0.6349279628018242
11,0.5969754197746698
12,0.5617805175401587
13,0.5311822448066895
14,0.507400205221787
15,0.49320366808202704
16,0.49188787931356
17,0.5066535392135676
18,0.5391937987662176
19,0.5881819107846882
20,0.6491026628706748
21,0.7158580028847525
22,0.7827737653440983
23,0.8456372978708523
24,0.9017109327081168
25,0.9493477648928365
26,0.987672671645435
27,1.0164388038226153
28,1.03597222271722
29,1.0471099676240985
30,1.0511195006021112
31,1.0496424086814498
32,1.044695413459795
33,1.0387113539991546
34,1.0345315709132037
35,1.0351974418547139
36,1.043420484632163
37,1.0607823233104707
38,1.0868377163208927
39,1.1183003572329175
40,1.1489147890848015
41,1.1711997044276656
42,1.17984907255911
43,1.1739528793032363
44,1.1562540360226248
45,1.1309969371220647
46,1.102313467219263
47,1.0735467373265088
48,1.0471061720443262
49,1.0244681509397409
50,1.0061440146791867
51,0.9915977554095763
52,0.9791990414070751
53,0.9663447646989135
54,0.9498842572272262
55,0.9269678723881345
56,0.8962453269062318
57,0.8587473667445554
58,0.8175552185850744
59,0.7764952907379935
60,0.739062626209622
61,0.7080810785360109
62,0.6857178079286373
63,0.6734323844419604
64,0.6717691425785977
65,0.6801676073038447
66,0.6970357887794697
67,0.7201681517511365
68,0.7473541134713407
69,0.7769461566033771
70,0.8082412257027716
71,0.8415885633552636
72,0.8780701734628922
73,0.9185588945538568
74,0.9624006119515115
75,1.0068904968705585
76,1.0484310914841308
77,1.0843046975961574
78,1.1135109669691308
79,1.1365713265326425
80,1.154959829950124
81,1.1705557210224955
82,1.1851951411795456
83,1.200318244799074
84,1.2167310899512924
85,1.2345099982671845
86,1.2530427801190893
87,1.2711416694828956
88,1.2870990846005987
89,1.2985531334020592
90,1.3022456291003461
91,1.294313285082366
92,1.271907531081073
93,1.2351982507122385
94,1.1873875714151685
95,1.1328106493914885
96,1.0752508520310067
97,1.017329515102399
98,0.9605629036960803
99,0.9056338195687393
100,0.8526921686589383
101,0.8016322379520022
102,0.7523168403278337
103,0.704718295858949
104,0.6589673368095633
105,0.6153384894640357
106,0.5742266590400498
107,0.5361678343313678
108,0.5019312349922361
109,0.47267554166545334
110,0.4501430035308828
111,0.43685485864985335
112,0.43616594879114606
113,0.4517960691495594
114,0.4863994101000844
115,0.5394942098988625
116,0.6064108409849702
117,0.6796600077374026
118,0.7516979504726203
119,0.8169203484856763
120,0.8721278107640585
121,0.9160679581830902
122,0.9487676220902734
123,0.9709902420542867
124,0.9838874564957574
125,0.9888171250095558
126,0.9872844171969801
127,0.9809700072031018
128,0.9718190798290793
129,0.9621620695727905
130,0.9547969417122346
131,0.95288350109203
132,0.9594745316042737
133,0.976667538632889
134,1.0045862719511558
135,1.040454936159719
136,1.0783801869293508
137,1.1110697420352107
138,1.1332103471473016
139,1.143554314525076
140,1.1441815937195263
141,1.138592380848444
142,1.130308488652249
143,1.1222374605560945
144,1.1164551591493814
145,1.11412570477882
146,1.1154554509715413
147,1.119688189180637
148,1.125164039533816
149,1.1294024069043127
150,1.1291577428593933
151,1.120658426121226
152,1.1006519665601708
153,1.068346735812667
154,1.026445782176105
155,0.9797183731774164
156,0.9327438309133128
157,0.8888049390712254
158,0.8498206471787257
159,0.8165757388540313
160,0.7889356094881481
161,0.7660491757048264
162,0.7466046731261873
163,0.729155695420606
164,0.7124730493747249
165,0.6958468850872364
166,0.6792856503837356
167,0.6636313163212593
168,0.6506725986539564
169,0.6432783936640861
170,0.6453128765933847
171,0.6607712354169585
172,0.6918411697359388
173,0.7370127652748184
174,0.7913059082069687
175,0.8487002919976127
176,0.9044558532433239
177,0.955852410790978
178,1.001783234032987
179,1.0420671403359625
180,1.0769114948215397
181,1.1066075877067194
182,1.1314156756299465
183,1.1515799742107495
184,1.167424347115972
185,1.1794943596977232
186,1.1887229218439486
187,1.1965790751201857
188,1.2050758298008335
189,1.2163918376993317
190,1.2318846437630222
191,1.2506578781667006
192,1.2685619884686186
193,1.2790406068757219
194,1.2761582387915236
195,1.2574718229757438
196,1.2243079286331853
197,1.1800872636821063
198,1.1286386906287158
199,1.0733132674019548
200,1.0167257033382986
201,0.9607827941454925
202,0.9067892608756242
203,0.8555388243150462
204,0.8073597977579425
205,0.762126312171568
206,0.7193012743202063
207,0.678124767901895
208,0.6380000915439298
209,0.5989125611188646
210,0.5615819336118384
211,0.527286640374862
212,0.49764724506886016
213,0.4746302373022544
214,0.4607484019701466
215,0.4592116623754322
216,0.47360063468715097
217,0.5065774081905339
218,0.5578171798179429
219,0.6228053040302204
220,0.6941755960756262
221,0.764626476517298
222,0.828940649870701
223,0.8842634512118146
224,0.9294445521275929
225,0.9643157466360895
226,0.989254721533034
227,1.005015487522118
228,1.0126780491748337
229,1.0136155996197838
230,1.0094743088583442
231,1.0021986730703545
232,0.9941072860221971
233,0.9879591772456023
234,0.9868615616373739
235,0.9938224800886808
236,1.010885408864795
237,1.03804195420589
238,1.0722674602572857
239,1.1074041109461048
240,1.136044632469892
241,1.1529234652430531
242,1.1569188465593634
243,1.1502921288216814
244,1.136771571261708
245,1.1201155328862837
246,1.1034486877472132
247,1.0890489796282354
248,1.0782839229708794
249,1.0715574553390033
250,1.0682523237383772
251,1.066710513969002
252,1.0642935276479175
253,1.0575840358274158
254,1.042963771256476
255,1.0179168022982414
256,0.98263178438645
257,0.9402653523246647
258,0.8953302685861106
259,0.8519362675086597
260,0.8130957118850787
261,0.7807339678717188
262,0.755816528189427
263,0.7384101048433961
264,0.727748783310921
265,0.7224140348792277
266,0.7206611347424133
267,0.7208378144420703
268,0.7218083344388093
269,0.7233149956853021
270,0.7262458752215732
271,0.7327768291979088
272,0.7462046017879352
273,0.7699953534080208
274,0.8057929323074658
275,0.8516417052838434
276,0.9025648271193901
277,0.9531971391097004
278,0.9998933258054422
279,1.0411259196005533
280,1.0768784519936239
281,1.1078903291871995
282,1.135100630015533
283,1.1593341991134085
284,1.1811839253020169
285,1.201027727740099
286,1.219122781326864
287,1.2357335370200409
288,1.251259829856581
289,1.266300601066376
290,1.281477328733264
291,1.2967179435139098
292,1.3099811964917656
293,1.3165605306806976
294,1.3108291978750204
295,1.2896804697372348
296,1.2539894168232721
297,1.2071266505301677
298,1.1529157459833668
299,1.0945653364816226
300,1.034448216834073
301,0.9742304453944349
302,0.9150606275509493
303,0.8577196364545042
304,0.8027170204906142
305,0.7503467245668564
306,0.700720623038823
307,0.6538061809139211
308,0.6095089347292885
309,0.5678320103243761
310,0.529069916830636
311,0.49392050401744064
312,0.46349151609902883
313,0.4393405286726388
314,0.4236505570872795
315,0.419444297565427
316,0.4304947182946136
317,0.4603439587068303
318,0.51010462654032
319,0.5762612205224003
320,0.651027880925711
321,0.7255923872523014
322,0.7932552709618976
323,0.8503701206260058
324,0.8956935001613485
325,0.9294019279537222
326,0.9523721148560764
327,0.9657969072095905
328,0.97103422595187
329,0.9695742124115339
330,0.9630595590141896
331,0.9533484903593328
332,0.9426241726873628
333,0.9335182288717153
334,0.929129901922561
335,0.9327243019119484
336,0.94694478418046
337,0.9726835521374503
338,1.0080147746614299
339,1.047781649180167
340,1.084893877554279
341,1.1134391249218272
342,1.1311341294275008
343,1.1391698893578461
344,1.1405457738114595
345,1.138599465568288
346,1.1362225480007297
347,1.1355383936001926
348,1.1377826806701243
349,1.1432697057095214
350,1.1514289190408946
351,1.1609078682758747
352,1.169668922588263
353,1.174956110531635
354,1.1732027966308927
355,1.1605166387409178
356,1.1345018444018782
357,1.0963014749490958
358,1.050205434052838
359,1.001196451177771
360,0.9531526031943931
361,0.9084437137820737
362,0.8681482313269707
363,0.832354429313133
364,0.8004392194152798
365,0.7713572808495724
366,0.7439555111760656
367,0.7172759421592205
368,0.6907830640748869
369,0.6644773314133527
370,0.6389286825418728
371,0.6153269911616663
372,0.5956290030131919
373,0.5827442877788869
374,0.5804664427721794
375,0.592677874715565
376,0.6216331014503074
377,0.6662087408189057
378,0.7218562436098581
379,0.782591427673822
380,0.8432092368109625
381,0.9002366310555531
382,0.9517642783049894
383,0.9968969060586013
384,1.0352821745418113
385,1.0668436574744462
386,1.0916873297623355
387,1.1101110905467875
388,1.1226616287879432
389,1.130217992752239
390,1.1341021483434746
391,1.136192370337602
392,1.1389383866627505
393,1.1450932428342249
394,1.157001826457294
395,1.1755010843778266
396,1.1987678397639774
397,1.2217834336776587
398,1.237470116964903
399,1.2397092638286498
400,1.226090297683377
401,1.1981183855359834
402,1.1594750124142583
403,1.1142463526042223
404,1.0659768984305287
405,1.0173918679334217
406,0.9704231147649421
407,0.9262964103863774
408,0.885568721079285
409,0.8480972015512959
410,0.8130144038958788
411,0.778874157141164
412,0.7441198171997206
413,0.7077996635333813
414,0.6701284161160395
415,0.6324786476129736
416,0.5968897123353011
417,0.5656178334717376
418,0.5410416406708367
419,0.5257922878566853
420,0.522773327027307
421,0.5347195894528455
422,0.563142034299208
423,0.6071202182670772
424,0.6629992470162525
425,0.7255164420798954
426,0.7895146006927878
427,0.8510327813386609
428,0.9074424819470397
429,0.9570539799629868
430,0.9987154465812399
431,1.0316849863157773
432,1.055740118602039
433,1.0712960589351148
434,1.0793869466280057
435,1.081560504516535
436,1.0797919756703984
437,1.0764467834588918
438,1.074227255749115
439,1.0759773386712062
440,1.084232041667936
441,1.1005087407824874
442,1.1244450562977841
443,1.1529703976804544
444,1.1801082020075715
445,1.1985050555953538
446,1.2026385567303906
447,1.1912286274882524
448,1.166859000989415
449,1.1338978279349265
450,1.0967109698292858
451,1.058837671314883
452,1.0228138436469794
453,0.9902168734189671
454,0.9617009416126971
455,0.9369699939129141
456,0.9147557602176551
457,0.8929419598219238
458,0.8689859581124642
459,0.8407003437615254
460,0.8072015486335912
461,0.7694648297730289
462,0.72998888268587
463,0.691881211680367
464,0.6581670500741421
465,0.6316087197895978
466,0.614725324742073
467,0.6096376825617679
468,0.6176081491577983
469,0.6384940366474009
470,0.6705747011827959
471,0.7110224121303395
472,0.7567677751914358
473,0.8052480733602504
474,0.8547257168795909
475,0.9041487021988708
476,0.9526541507061975
477,0.998957932416851
478,1.0411249328679186
479,1.0770845638924644
480,1.1054896062977153
481,1.1261803339145153
482,1.140104516219365
483,1.149010674625199
484,1.1551414172200776
485,1.1609389167820885
486,1.168698838265144
487,1.1801555166150495
488,1.1960504331700612
489,1.215750139307159
490,1.2369763003525747
491,1.255790380890259
492,1.267108000674886
493,1.2659826179401141
494,1.24943219133362
495,1.21776582937238
496,1.1742559250499311
497,1.1234399361948348
498,1.0695109774725131
499,1.0155924494962199
500,0.9636679704163427
501,0.9147350454363469
502,0.8689740843370842
503,0.8259188465554944
504,0.7846886064852797
505,0.7443150622787065
506,0.7041087782229122
507,0.663935170259895
508,0.6242884996131108
509,0.5861766148645449
510,0.5509595892288524
511,0.5202994603805463
512,0.49627443239097624
513,0.4815701614725869
514,0.4795029570269059
515,0.4934669478351908
516,0.525518461483188
517,0.5746773460451178
518,0.6364902680119371
519,0.7045767046525357
520,0.7728305961487482
521,0.8366770991693703
522,0.8931885684654319
523,0.9407056206010475
524,0.9784709834854277
525,1.0064125466846028
526,1.0250170095819644
527,1.0352266264771952
528,1.038351786427357
529,1.0360277576043964
530,1.030234732703992
531,1.0233613670409614
532,1.0182283258721982
533,1.0179179431213459
534,1.0252688724583179
535,1.0420673903559388
536,1.0681232402380978
537,1.100417536472791
538,1.1328800787596884
539,1.1580039213108735
540,1.1702385046710257
541,1.1683529280474818
542,1.1548273952598958
543,1.1337462748810365
544,1.1091712661451094
545,1.0844345564218703
546,1.0619640203724034
547,1.04326172119182
548,1.028860184924971
549,1.0182378138491042
550,1.0097691523580608
551,1.000819273036446
552,0.9880950519742379
553,0.9684102017402978
554,0.9399343215034454
555,0.9033448834821781
556,0.8617297649149107
557,0.8191827048631877
558,0.7794604306428786
559,0.7454888617132361
560,0.7193683685008117
561,0.70239369821967
562,0.694954905657973
563,0.6964473162293546
564,0.7053767276273063
565,0.7197252429170097
566,0.7374770320231745
567,0.7571451030673324
568,0.7781889338575281
569,0.8012489670033214
570,0.8280558921775353
571,0.8607184876355788
572,0.9002143805961988
573,0.9449213148746641
574,0.9909038728859944
575,1.0339928428613616
576,1.0715785089421876
577,1.1029735626570052
578,1.1288883675463455
579,1.1507483397848353
580,1.170138107820942
581,1.1884124248698473
582,1.2064718599053128
583,1.2247008787688316
584,1.2430423715236874
585,1.2611400547814555
586,1.2784378184842042
587,1.294096047083735
588,1.306593252024145
589,1.313091694876553
590,1.3093691608634066
591,1.2915615340617224
592,1.2588170056081036
593,1.2137736058250859
594,1.1606187367231022
595,1.1031942735034177
596,1.0442579454792382
597,0.9855108866571337
598,0.927883207972439
599,0.8718381393296502
600,0.8176125420707291
601,0.7653696915704052
602,0.7152694836585954
603,0.6674838147012804
604,0.6221964725513894
605,0.5796252806092196
606,0.5400933117168787
607,0.5041519539892665
608,0.4727250958485206
609,0.44725039093144425
610,0.4298418393534073
611,0.42344281060834293
612,0.4317091189204294
613,0.4581253657735002
614,0.5040898226111633
615,0.5669165421392199
616,0.6398067965818307
617,0.7143753948550645
618,0.7836017790060275
619,0.8431670016019263
620,0.891218494199267
621,0.9275538727773748
622,0.952884900451048
623,0.9683655954801886
624,0.9753527610962468
625,0.9753242045559929
626,0.9698922547240725
627,0.9608753159219083
628,0.9504095404830001
629,0.9410661956467312
630,0.9358713982179797
631,0.9380447684468227
632,0.9503148003031429
633,0.9739053340179847
634,1.0074811318408214
635,1.0464960694783838
636,1.0839914454249084
637,1.113496035679103
638,1.1319555064278437
639,1.1401023027675203
640,1.1408461338491314
641,1.1376313869865842
642,1.1335257059364767
643,1.1308517300569982
644,1.1310533138381473
645,1.1346441895982056
646,1.14121598128481
647,1.1495177990892431
648,1.1575623476685086
649,1.1626444088609151
650,1.1612886433095095
651,1.1496370530408304
652,1.1250461833738705
653,1.0881735065308937
654,1.04299675963619
655,0.9945305700197941
656,0.9468555087672573
657,0.9025593240296006
658,0.8629058025588955
659,0.828123155078437
660,0.7976663145165644
661,0.7704877522680729
662,0.7453468543634933
663,0.7211323498692783
664,0.6971321833320683
665,0.6731952011034885
666,0.6497949576231783
667,0.6280819767386279
668,0.6100157778375898
669,0.5985408017404654
670,0.597510564379268
671,0.6108450628946291
672,0.640719890632976
673,0.6857942765740773
674,0.7413087359603241
675,0.8012445348169344
676,0.8605548172217189
677,0.9160210013278781
678,0.9659937270875926
679,1.0097963890562138
680,1.0472348360672095
681,1.078322290185768
682,1.103186063819251
683,1.1220882162514654
684,1.1355023709501095
685,1.1442185303840082
686,1.149469939320741
687,1.1530554691004546
688,1.15735001555295
689,1.1650011958944189
690,1.1781397438189323
691,1.1971807152682954
692,1.219655439801789
693,1.2399490373155397
694,1.2509953830949998
695,1.247515004263285
696,1.2282049525575864
697,1.1952746924293662
698,1.1525747350194173
699,1.1040477654281566
700,1.053000278902293
701,1.0019319264390245
702,0.9525934453551799
703,0.9060785319936436
704,0.8628646076228553
705,0.8227944015573685
706,0.7850738405619673
707,0.7484416535458193
708,0.7116341235321272
709,0.6740266553185352
710,0.6360530564998937
711,0.5990967154867329
712,0.5650527460260294
713,0.5360290525962091
714,0.5143693076708163
715,0.5028171853702149
716,0.5044795523857776
717,0.5222055965922417
718,0.5572516606480054
719,0.6079205397883907
720,0.6695049125505992
721,0.7359071164302402
722,0.801624635899504
723,0.8627575530638021
724,0.9169449945860219
725,0.9628579885839912
726,0.9997840248152589
727,1.0274891280322034
728,1.0462542981232459
729,1.0568984897961888
730,1.0607216138361888
731,1.0594295831983842
732,1.0551059512087713
733,1.050222479852528
734,1.0475996989875336
735,1.0501702429346418
736,1.0604284796490604
737,1.0795971351135196
738,1.1066655842862405
739,1.1375987664240832
740,1.1655855406526077
741,1.1833686099455465
742,1.1866315842124826
743,1.1754869942014055
744,1.1532170917150688
745,1.1241671413301553
746,1.0923520713110548
747,1.0609237260122335
748,1.0320840565754872
749,1.007104674763554
750,0.9863051110155874
751,0.9689860556084602
752,0.9534086573401873
753,0.9369627886610191
754,0.9166776095411677
755,0.8901637155897563
756,0.8567507202337024
757,0.8180312346348363
758,0.7772074613324162
759,0.7378613936073668
760,0.7031861005787601
761,0.6758337561443561
762,0.6579350081043445
763,0.650958218976569
764,0.6553976567647395
765,0.6705333019193795
766,0.6945442058285213
767,0.7250213866497645
768,0.7596433356470768
769,0.796728452402846
770,0.8355120259150972
771,0.8760688593761023
772,0.9187662431821046
773,0.9632696811320314
774,1.0077389595912456
775,1.0492080154132541
776,1.084993044064972
777,1.1137854432277399
778,1.1357899858278147
779,1.1523175672293837
780,1.1652966369977973
781,1.176842800596274
782,1.1888727749093304
783,1.2027610595979465
784,1.2190792154421368
785,1.2374568120583231
786,1.2565670678263843
787,1.2741948336310531
788,1.2873166146789004
789,1.2922208951907765
790,1.2850419101739883
791,1.2631939522059248
792,1.2270049199348227
793,1.1797039613436584
794,1.1256854648642745
795,1.06885903902839
796,1.011989803344732
797,0.9567050534830701
798,0.9037209691086104
799,0.8531055502627712
800,0.8045486252544566
801,0.7576314566331698
802,0.71205762709523
803,0.6677926302312618
804,0.6250919306401644
805,0.5844559886178837
806,0.5465889276331579
807,0.512428582270669
808,0.4832730667122924
809,0.460983044561967
810,0.4481900807705638
811,0.44831826177463074
812,0.46500883712558666
813,0.5005769151992892
814,0.5540360871785545
815,0.6204333909846401
816,0.692503498437183
817,0.7632538724975858
818,0.8275632001083757
819,0.8824342868078373
820,0.9265660599433793
821,0.9598158312571884
822,0.9827690982292558
823,0.9964477736982863
824,1.0021393267385434
825,1.0013267637194472
826,0.9957024934022525
827,0.9872481072027766
828,0.9783468568912715
829,0.9718455501915935
830,0.9709057577622959
831,0.9784839564511116
832,0.9964666887201656
833,1.024681341846355
834,1.0600184657993996
835,1.09630955482801
836,1.126197635883117
837,1.1445733388641444
838,1.1505381369470615
839,1.1464995924497141
840,1.136185304702894
841,1.1232495244338654
842,1.1106742034503376
843,1.100585765424617
844,1.0941905839822204
845,1.0917185916298515
846,1.0923849987122154
847,1.0944135245426732
848,1.095124454710682
849,1.091094203231704
850,1.0786256908863046
851,1.0550026250278428
852,1.0202355379795134
853,0.9775165665410169
854,0.9315623503231585
855,0.886659481870086
856,0.8458586963797466
857,0.810984538916857
858,0.7828155760825654
859,0.7612205115350833
860,0.7452986283294393
861,0.7336085513976792
862,0.7245050721192672
863,0.7165335795622815
864,0.7088007804292706
865,0.7012582498068015
866,0.6948939580980257
867,0.6918671172638043
868,0.6955098469467014
869,0.70978850738553
870,0.7376837341094946
871,0.7789883417511023
872,0.8296565945171313
873,0.8838225697578729
874,0.9365017062058097
875,0.9848073728016308
876,1.0277058514474913
877,1.065274311420697
878,1.0980560749145774
879,1.1266635840405157
880,1.151597850738734
881,1.173217624835335
882,1.191802682859122
883,1.2076759814702642
884,1.2213621758443376
885,1.2337467016503052
886,1.2461279669319503
887,1.2599131331524254
888,1.2756531189379046
889,1.291561030361747
890,1.3027693283756614
891,1.3030338481185773
892,1.2882101989360668
893,1.2581239392592927
894,1.2155419973116346
895,1.1642074123505948
896,1.1075822284451222
897,1.0484194963396125
898,0.988759203769103
899,0.9300526435299928
900,0.8732889906381225
901,0.8190866597324636
902,0.7677462180779336
903,0.7192798550624053
904,0.6734587433848124
905,0.6299466745588649
906,0.5885524468063488
907,0.5494942136196773
908,0.5134920171160725
909,0.48168796925236385
910,0.4556073188284991
911,0.4373010847115882
912,0.4295882517992254
913,0.43609708581800877
914,0.4605560147004383
915,0.5048600235776017
916,0.5666999130991626
917,0.6392092460241363
918,0.7137071968043176
919,0.783038367747822
920,0.8429594046767301
921,0.8917267055052035
922,0.9291441513355687
923,0.9558088564771089
924,0.9727032109056788
925,0.981035508303599
926,0.9821956742148934
927,0.9777534053806121
928,0.969494165631787
929,0.9595065994679453
930,0.9503026361465254
931,0.9448738573152038
932,0.9464830085073801
933,0.9579897577443817
934,0.9807712498395383
935,1.0135975871684224
936,1.0519774311702381
937,1.0889574558118191
938,1.1179645219991265
939,1.1357359888546756
940,1.1428138509902592
941,1.1420364801874812
942,1.1368921515074857
943,1.1305560594244017
944,1.1254836906918047
945,1.1232628946075283
946,1.1245546177244674
947,1.1290799950554793
948,1.1356639866517553
949,1.1423134186673616
950,1.1462496061961949
951,1.1439242410906
952,1.1314906609918467
953,1.1064096354072255
954,1.0694229040051593
955,1.0244871948519305
956,0.9765507412553267
957,0.9296678193406708
958,0.886461596284531
959,0.8482721341907168
960,0.815409547428945
961,0.7873793417875327
962,0.7631236924406536
963,0.7413174498340113
964,0.720700596435889
965,0.7003844632994853
966,0.6800681407509069
967,0.6601550940377388
968,0.6418370738829514
969,0.62722885957465
970,0.6195030999452668
971,0.6226807296493595
972,0.640530327153101
973,0.6745507763150292
974,0.7224319801588633
975,0.7787861316898052
976,0.8376593848390345
977,0.8945485510149921
978,0.9468843160241143
979,0.9935638175126977
980,1.0343071190318416
981,1.069184692177068
982,1.0983677577503295
983,1.1220540921080768
984,1.1405076240334238
985,1.154161216159856
986,1.1637529199474026
987,1.1704791745285894
988,1.176118573097692
989,1.1829862454332853
990,1.1934855843358245
991,1.2091022692023379
992,1.2290443207612176
993,1.2492803955769123
994,1.2632074856048217
995,1.264465479115496
996,1.249968878840966
997,1.220574903979976
998,1.1795710828832737
999,1.1308884247799533
1000,1.078064668401961
1001,1.0238939231824251
1002,0.9704196047268331
1003,0.919030822049835
1004,0.8705466518987343
1005,0.8252469671629592
1006,0.7828661875745552
1007,0.7426387036626406
1008,0.7035357238738466
1009,0.6647430196945474
1010,0.6261668269200058
1011,0.5886062403231822
1012,0.5535125704885507
1013,0.5226743727040334
1014,0.49814914581431397
1015,0.48242810531777264
1016,0.4785781326907575
1017,0.4899635969939441
1018,0.5191362268494267
1019,0.5660488480512682
1020,0.6269370553803515
1021,0.6953054086911291
1022,0.7643863975674928
1023,0.8290344548688594
1024,0.8861535918950004
1025,0.9342109993316324
1026,0.9726161807425073
1027,1.0013451332625467
1028,1.0208201614272487
1029,1.0318903317742538
1030,1.0357962132411125
1031,1.0341206991816378
1032,1.0287767446511085
1033,1.0220481892460012
1034,1.016630711850249
1035,1.0155391253689792
1036,1.021707187956025
1037,1.0372122216284536
1038,1.0622639576456228
1039,1.0942226221263454
1040,1.1272639576070527
1041,1.1538843903657274
1042,1.1682392782237292
1043,1.1686271925354605
1044,1.1571220644979234
1045,1.1376047151048094
1046,1.1141085923908283
1047,1.0900256070277112
1048,1.0678708255127003
1049,1.0492436731844255
1050,1.0347942859599548
1051,1.0241529005475178
1052,1.0158727619104992
1053,1.0074791905179938
1054,0.9957413892143463
1055,0.9773517578142902
1056,0.9501586354786603
1057,0.9144640150041606
1058,0.8731401852120678
1059,0.8302710016888502
1060,0.7896952555543219
1061,0.7544184701129736
1062,0.7266015030363518
1063,0.7076054589429035
1064,0.6979197871480619
1065,0.697075692871202
1066,0.703723248100916
1067,0.7159530019350618
1068,0.731786316841195
1069,0.7496897392904353
1070,0.7690062836072776
1071,0.7902356638104207
1072,0.8150381716473806
1073,0.8456688349711791
1074,0.8835577971684605
1075,0.9276403465547526
1076,0.97421044092695
1077,1.0188446736388979
1078,1.0584508411336302
1079,1.0919090157088085
1080,1.1196445481159665
1081,1.1429334426133726
1082,1.163313157919476
1083,1.1821672598718993
1084,1.200479994360509
1085,1.2187533471998966
1086,1.237061987986455
1087,1.255186336746976
1088,1.2727270325245177
1089,1.2890734582461292
1090,1.303080228061738
1091,1.3124117357523624
1092,1.3131080340558487
1093,1.3007416808894392
1094,1.2732037159952927
1095,1.2321308412322824
1096,1.1814525526086839
1097,1.125240533344787
1098,1.0666155209109422
1099,1.0076029831324347
1100,0.9493740449384446
1101,0.8925520947967854
1102,0.8374682515889613
1103,0.7843318750713375
1104,0.733317620219745
1105,0.6845930969721915
1106,0.638323346470105
1107,0.5946889746901449
1108,0.5539474078435649
1109,0.5165469522000216
1110,0.4832664721976279
1111,0.45534495523957313
1112,0.43462216959461125
1113,0.4237097645822997
1114,0.42603143218961353
1115,0.44530235941555923
1116,0.4839904448744413
1117,0.5411252976048925
1118,0.6112762756622613
1119,0.686237354722288
1120,0.7581750024016175
1121,0.8217057500016748
1122,0.8741445321805933
1123,0.9147831043412249
1124,0.9440713060580219
1125,0.9630410622904094
1126,0.9729906639470591
1127,0.9753559638790529
1128,0.9716957638041485
1129,0.9637432659755533
1130,0.9535025549940297
1131,0.9433697878590636
1132,0.9362083062778013
1133,0.9352197663343647
1134,0.9434272646300745
1135,0.9627567504258078
1136,0.9929552327029101
1137,1.0307029137804307
1138,1.0697137475130292
1139,1.102921726737634
1140,1.1257853005287037
1141,1.1377356729262655
1142,1.1410759129000223
1143,1.1391861605644065
1144,1.1353328349356853
1145,1.1321357801038476
1146,1.1313714737257141
1147,1.1338984258612663
1148,1.1396434214213045
1149,1.1476583380425875
1150,1.1562301031498974
1151,1.1629436236609165
1152,1.1646232118047877
1153,1.1574439760692705
1154,1.1380169706596763
1155,1.105555996344881
1156,1.0629575433794687
1157,1.0151476473779264
1158,0.9667027636351598
1159,0.9207813357485581
1160,0.8791152417070021
1161,0.8422914418424754
1162,0.8100269967363937
1163,0.7814337621793985
1164,0.7553147631096122
1165,0.7304875468223004
1166,0.7060792799839315
1167,0.6817278465272532
1168,0.657671244554442
1169,0.6347882589728425
1170,0.6146933231009571
1171,0.5999159644976327
1172,0.5939827297247241
1173,0.6009487809443096
1174,0.6239516547333939
1175,0.6632184520580464
1176,0.7152246434864825
1177,0.7741576425769434
1178,0.8343769168268208
1179,0.8918826691565801
1180,0.944423886103268
1181,0.9909682139024362
1182,1.0311454780134273
1183,1.0648872272664849
1184,1.0922687670330726
1185,1.1134916738003047
1186,1.1289411431544734
1187,1.139277836364857
1188,1.1455536910308233
1189,1.1493413665260033
1190,1.152809387874386
1191,1.158575455939323
1192,1.1691310928768677
1193,1.1857902674840177
1194,1.2074403778762044
1195,1.2297552809492958
1196,1.2459425956436958
1197,1.2495214319187982
1198,1.2373299610558468
1199,1.2102280576297761
1200,1.1715884079141872
1201,1.1254603597682966
1202,1.0754844574246
1203,1.024521019586015
1204,0.9746398911817448
1205,0.9272126378912001
1206,0.8829789128120752
1207,0.8420468445811401
1208,0.8038665503330586
1209,0.7673061357037299
1210,0.7309925397757362
1211,0.6939247673858523
1212,0.6560549242751478
1213,0.618417632330736
1214,0.5827689903919574
1215,0.5511665171491527
1216,0.5258494333660874
1217,0.5093733953369357
1218,0.5047050796111392
1219,0.5148986127376878
1220,0.5420622355048568
1221,0.5858936823972214
1222,0.642936899714084
1223,0.7075331620514635
1224,0.7738125293336797
1225,0.8371828556861303
1226,0.8946718305047248
1227,0.9445413699053775
1228,0.9857993348697728
1229,1.0179502954714283
1230,1.040992116303484
1231,1.0554732518171468
1232,1.0624712924760054
1233,1.0635121012995203
1234,1.0605115210288325
1235,1.0557695168246808
1236,1.0519632117928746
1237,1.0520123604407208
1238,1.058674413365674
1239,1.0738288299371401
1240,1.0975599719228417
1241,1.1272372181705772
1242,1.1571462893753526
1243,1.1798237299889431
1244,1.1892789680965503
1245,1.183659984845512
1246,1.1651072279516823
1247,1.137747260248313
1248,1.1058761093920977
1249,1.0730739389768142
1250,1.041972775215739
1251,1.0142623794750896
1252,0.9906997555034582
1253,0.9710596304427125
1254,0.9540801174105841
1255,0.937530978116203
1256,0.9185598261993867
1257,0.8944444516970735
1258,0.8636895069559809
1259,0.826911727507095
1260,0.7867056412778332
1261,0.7465569900275099
1262,0.7098294457340759
1263,0.679399757260293
1264,0.6576606918726381
1265,0.6464617756767665
1266,0.6468326838190218
1267,0.6586406549639465
1268,0.6804999910702662
1269,0.7101272522728314
1270,0.7450069062080278
1271,0.7830443026702252
1272,0.8229706114525212
1273,0.864407114511727
1274,0.9075112062712496
1275,0.9521595238722432
1276,0.9970332742360927
1277,1.0395279730312919
1278,1.0768528236783452
1279,1.1072915113848585
1280,1.13063462660209
1281,1.1479108043664714
1282,1.1609213268481515
1283,1.1718092294623137
1284,1.1826701305891005
1285,1.1951842594106767
1286,1.2102977730184719
1287,1.2280030346084534
1288,1.2472441772581422
1289,1.2659381639286227
1290,1.2810742830129136
1291,1.2888934649262938
1292,1.2853781808054325
1293,1.2674888360225693
1294,1.2348221509331283
1295,1.1900513174196976
1296,1.1374864377584755
1297,1.0812804340000794
1298,1.024529883229979
1299,0.9691586948032315
1300,0.9161061190472995
1301,0.8655732757037384
1302,0.8172805904345005
1303,0.7707408062810959
1304,0.7255231915097301
1305,0.6814496787590325
1306,0.6386743075956395
1307,0.5976558896791786
1308,0.5590947202968399
1309,0.5239191482579286
1310,0.4933723305101997
1311,0.46919518513446967
1312,0.4538461946689598
1313,0.4505939450795491
1314,0.46311400426799126
1315,0.49416024094530003
1316,0.5435818354127925
1317,0.6072520963325805
1318,0.6782742575728187
1319,0.7495230113681497
1320,0.81549161192188
1321,0.8727611571762258
1322,0.9196642200884723
1323,0.9557705828344969
1324,0.9814582359154136
1325,0.9976118121098184
1326,1.0054325803306985
1327,1.0063440250981077
1328,1.001981705551985
1329,0.9942544127064104
1330,0.9854500175290429
1331,0.9783164011895139
1332,0.9759720734691697
1333,0.9814727614913001
1334,0.9970093233633731
1335,1.0229328304280516
1336,1.056830343831627
1337,1.093129728332278
1338,1.1244373895249051
1339,1.1448350708223234
1340,1.1524594396277625
1341,1.1491755127342547
1342,1.138618975729471
1343,1.1245865102269297
1344,1.1102779537501133
1345,1.0980551589479743
1346,1.0893711097796048
1347,1.0847134808927288
1348,1.0835498852838363
1349,1.0843227526014183
1350,1.0845222132270154
1351,1.0808444690455283
1352,1.069602764576107
1353,1.0478155911380533
1354,1.0149074795086566
1355,0.9735083275754287
1356,0.9281521324761837
1357,0.8832671222012448
1358,0.8421583606074816
1359,0.8069148909108835
1360,0.7785704233036238
1361,0.7572254707670908
1362,0.7421550446054426
1363,0.731999125811487
1364,0.7250769018658776
1365,0.7197858953174768
1366,0.715004710364044
1367,0.7104251987335557
1368,0.706786643585726
1369,0.7060284341948837
1370,0.7112981358568294
1371,0.7264512074198698
1372,0.7545003979171279
1373,0.7954096699514881
1374,0.845320003129441
1375,0.8984735371646504
1376,0.9499418020681333
1377,0.9969016118749798
1378,1.038411775637392
1379,1.0746625109758734
1380,1.1063124514356182
1381,1.1340743872034889
1382,1.1585234482786684
1383,1.1800612743263836
1384,1.1989763874446417
1385,1.2155606089512156
1386,1.23025737450479
1387,1.2438075388633618
1388,1.2572870789319637
1389,1.2717858419736954
1390,1.2874224890584938
1391,1.301901948758312
1392,1.3100463147002341
1393,1.3059377024733008
1394,1.2863706515596802
1395,1.2520956663529978
1396,1.2063324976833534
1397,1.152841651992473
1398,1.0948881263982186
1399,1.0349774783366665
1400,0.9749277386315699
1401,0.9160171364255744
1402,0.8591119276242944
1403,0.8047534659245832
1404,0.7532088981773929
1405,0.704502586195111
1406,0.6584658847118138
1407,0.6148633710502585
1408,0.5736180943598398
1409,0.5350366607933339
1410,0.4998827975197156
1411,0.46932438748920025
1412,0.4449479404182676
1413,0.42893966505660575
1414,0.42431645697160103
1415,0.4348563462868758
1416,0.4641308128785744
1417,0.5132995982712141
1418,0.5788970805460458
1419,0.6531962249721616
1420,0.7274601667984844
1421,0.7950569216058336
1422,0.8523681994346548
1423,0.8981291736911153
1424,0.9324543460354154
1425,0.9561379363151445
1426,0.9702945530247586
1427,0.9762254018431358
1428,0.9753873703008803
1429,0.9694052871160432
1430,0.9601261219396852
1431,0.949723317514074
1432,0.9408197106934505
1433,0.9365096538278757
1434,0.9400602215872339
1435,0.9541219208890719
1436,0.9795931532832385
1437,1.0145472295456828
1438,1.0538135492184109
1439,1.090265670006826
1440,1.117934765380452
1441,1.134493260746501
1442,1.1411321940134898
1443,1.1408937308754208
1444,1.1371805634834697
1445,1.1329566728465548
1446,1.1304214162481743
1447,1.1308889128905575
1448,1.134745756793733
1449,1.141467538802511
1450,1.1496974834084985
1451,1.1573324426550002
1452,1.1615137645882097
1453,1.1586068066956825
1454,1.144782678638021
1455,1.1178562383957589
1456,1.0791775516215887
1457,1.0330949263047473
1458,0.9845384551629442
1459,0.9373251456582287
1460,0.8938002727410922
1461,0.8550477750050844
1462,0.821166066355722
1463,0.7915205042920274
1464,0.765014760824668
1465,0.7404023790329148
1466,0.7166050047157949
1467,0.6929712499672919
1468,0.669428146864471
1469,0.6465457349156974
1470,0.6256046389049912
1471,0.6087442168314692
1472,0.5991157108744978
1473,0.6006923653350276
1474,0.6172269085426062
1475,0.6503233376517655
1476,0.6978903646120093
1477,0.7547082100736072
1478,0.8147933694183392
1479,0.873430888067414
1480,0.9277609711234239
1481,0.9763941677691657
1482,1.0188071069009725
1483,1.054886112349092
1484,1.0846871043996338
1485,1.1083667451364152
1486,1.1262176456106419
1487,1.1387547422881816
1488,1.1468290048925331
1489,1.1517607764901772
1490,1.1554535696615231
1491,1.1603603459037934
1492,1.1690915760441567
1493,1.1835222030434467
1494,1.2035409274721616
1495,1.2259732566393893
1496,1.2446688582944827
1497,1.2526729653991904
1498,1.2454964573575737
1499,1.2227421575315292
